{
  "Python": 0.31337958329174825,
  "Data Structures": 0.12405811792809993,
  "OOP": 0.7676194710894025,
  "Algorithms": 0.35154802940841456,
  "System Design": 0.550827808421947,
  "Design Patterns": 0.4123769616574649,
  "Clean Code": 0.18370638291262253,
  "SQL": 0.3090220746524272,
  "Databases (NoSQL)": 0.36151015059154473,
  "REST APIs": 0.5569324690007932,
  "GraphQL": 0.32587024819769084,
  "Git": 0.4941145765174022,
  "CI/CD": 0.5598632977287643,
  "Testing": 0.781716014276642,
  "Linux/CLI": 0.6433834266347376,
  "Docker": 0.9156461007067224,
  "Operating Systems": 0.6286444664819333,
  "Cloud Basics": 0.27067820675413945,
  "Microservices": 0.5424401684756086,
  "Message Queues": 0.5296661155122803,
  "Caching (Redis)": 0.14935949245056657,
  "Computer Networks": 1.0,
  "Security Basics": 0.0,
  "HTML/CSS": 0.6760837194569305,
  "JavaScript": 0.11969509880493241,
  "TypeScript": 0.45252939384736446,
  "React": 0.28686998187787716,
  "Node.js": 0.40623380654406765
}